KEY,FREQ,REF_AREA,CURRENCY,PROVIDER_FM,INSTRUMENT_FM,PROVIDER_FM_ID,DATA_TYPE_FM,TIME_PERIOD,OBS_VALUE,OBS_STATUS,OBS_CONF,OBS_PRE_BREAK,OBS_COM,TIME_FORMAT,BREAKS,COLLECTION,COMPILING_ORG,DISS_ORG,DOM_SER_IDS,FM_CONTRACT_TIME,FM_COUPON_RATE,FM_IDENTIFIER,FM_LOT_SIZE,FM_MATURITY,FM_OUTS_AMOUNT,FM_PUT_CALL,FM_STRIKE_PRICE,PUBL_MU,PUBL_PUBLIC,UNIT_INDEX_BASE,COMPILATION,COVERAGE,DECIMALS,SOURCE_AGENCY,SOURCE_PUB,TITLE,TITLE_COMPL,UNIT,UNIT_MULT
FM.Q.U2.EUR.RT.MM.EURIBOR3MD_.HSTA,Q,U2,EUR,RT,MM,EURIBOR3MD_,HSTA,1994-Q1,6.84,A,F,,,,,A,,,,,,,,,,,,,,,,,4,,,"Euribor 3-month - Historical close, average of observations through period","Euro area (changing composition) - Money Market - Euribor 3-month - Historical close, average of observations through period - Euro, provided by Reuters",PCPA,0
FM.Q.U2.EUR.RT.MM.EURIBOR3MD_.HSTA,Q,U2,EUR,RT,MM,EURIBOR3MD_,HSTA,1994-Q2,6.37,A,F,,,,,A,,,,,,,,,,,,,,,,,4,,,"Euribor 3-month - Historical close, average of observations through period","Euro area (changing composition) - Money Market - Euribor 3-month - Historical close, average of observations through period - Euro, provided by Reuters",PCPA,0
FM.Q.U2.EUR.RT.MM.EURIBOR3MD_.HSTA,Q,U2,EUR,RT,MM,EURIBOR3MD_,HSTA,1994-Q3,6.383334,A,F,,,,,A,,,,,,,,,,,,,,,,,4,,,"Euribor 3-month - Historical close, average of observations through period","Euro area (changing composition) - Money Market - Euribor 3-month - Historical close, average of observations through period - Euro, provided by Reuters",PCPA,0
FM.Q.U2.EUR.RT.MM.EURIBOR3MD_.HSTA,Q,U2,EUR,RT,MM,EURIBOR3MD_,HSTA,1994-Q4,6.506667,A,F,,,,,A,,,,,,,,,,,,,,,,,4,,,"Euribor 3-month - Historical close, average of observations through period","Euro area (changing composition) - Money Market - Euribor 3-month - Historical close, average of observations through period - Euro, provided by Reuters",PCPA,0
FM.Q.U2.EUR.RT.MM.EURIBOR3MD_.HSTA,Q,U2,EUR,RT,MM,EURIBOR3MD_,HSTA,1995-Q1,6.943333,A,F,,,,,A,,,,,,,,,,,,,,,,,4,,,"Euribor 3-month - Historical close, average of observations through period","Euro area (changing composition) - Money Market - Euribor 3-month - Historical close, average of observations through period - Euro, provided by Reuters",PCPA,0
FM.Q.U2.EUR.RT.MM.EURIBOR3MD_.HSTA,Q,U2,EUR,RT,MM,EURIBOR3MD_,HSTA,1995-Q2,7.136667,A,F,,,,,A,,,,,,,,,,,,,,,,,4,,,"Euribor 3-month - Historical close, average of observations through period","Euro area (changing composition) - Money Market - Euribor 3-month - Historical close, average of observations through period - Euro, provided by Reuters",PCPA,0
FM.Q.U2.EUR.RT.MM.EURIBOR3MD_.HSTA,Q,U2,EUR,RT,MM,EURIBOR3MD_,HSTA,1995-Q3,6.693333,A,F,,,,,A,,,,,,,,,,,,,,,,,4,,,"Euribor 3-month - Historical close, average of observations through period","Euro area (changing composition) - Money Market - Euribor 3-month - Historical close, average of observations through period - Euro, provided by Reuters",PCPA,0
FM.Q.U2.EUR.RT.MM.EURIBOR3MD_.HSTA,Q,U2,EUR,RT,MM,EURIBOR3MD_,HSTA,1995-Q4,6.506667,A,F,,,,,A,,,,,,,,,,,,,,,,,4,,,"Euribor 3-month - Historical close, average of observations through period","Euro area (changing composition) - Money Market - Euribor 3-month - Historical close, average of observations through period - Euro, provided by Reuters",PCPA,0
FM.Q.U2.EUR.RT.MM.EURIBOR3MD_.HSTA,Q,U2,EUR,RT,MM,EURIBOR3MD_,HSTA,1996-Q1,5.63,A,F,,,,,A,,,,,,,,,,,,,,,,,4,,,"Euribor 3-month - Historical close, average of observations through period","Euro area (changing composition) - Money Market - Euribor 3-month - Historical close, average of observations through period - Euro, provided by Reuters",PCPA,0
FM.Q.U2.EUR.RT.MM.EURIBOR3MD_.HSTA,Q,U2,EUR,RT,MM,EURIBOR3MD_,HSTA,1996-Q2,5.136667,A,F,,,,,A,,,,,,,,,,,,,,,,,4,,,"Euribor 3-month - Historical close, average of observations through period","Euro area (changing composition) - Money Market - Euribor 3-month - Historical close, average of observations through period - Euro, provided by Reuters",PCPA,0
FM.Q.U2.EUR.RT.MM.EURIBOR3MD_.HSTA,Q,U2,EUR,RT,MM,EURIBOR3MD_,HSTA,1996-Q3,5,A,F,,,,,A,,,,,,,,,,,,,,,,,4,,,"Euribor 3-month - Historical close, average of observations through period","Euro area (changing composition) - Money Market - Euribor 3-month - Historical close, average of observations through period - Euro, provided by Reuters",PCPA,0
FM.Q.U2.EUR.RT.MM.EURIBOR3MD_.HSTA,Q,U2,EUR,RT,MM,EURIBOR3MD_,HSTA,1996-Q4,4.586667,A,F,,,,,A,,,,,,,,,,,,,,,,,4,,,"Euribor 3-month - Historical close, average of observations through period","Euro area (changing composition) - Money Market - Euribor 3-month - Historical close, average of observations through period - Euro, provided by Reuters",PCPA,0
FM.Q.U2.EUR.RT.MM.EURIBOR3MD_.HSTA,Q,U2,EUR,RT,MM,EURIBOR3MD_,HSTA,1997-Q1,4.44,A,F,,,,,A,,,,,,,,,,,,,,,,,4,,,"Euribor 3-month - Historical close, average of observations through period","Euro area (changing composition) - Money Market - Euribor 3-month - Historical close, average of observations through period - Euro, provided by Reuters",PCPA,0
FM.Q.U2.EUR.RT.MM.EURIBOR3MD_.HSTA,Q,U2,EUR,RT,MM,EURIBOR3MD_,HSTA,1997-Q2,4.326667,A,F,,,,,A,,,,,,,,,,,,,,,,,4,,,"Euribor 3-month - Historical close, average of observations through period","Euro area (changing composition) - Money Market - Euribor 3-month - Historical close, average of observations through period - Euro, provided by Reuters",PCPA,0
FM.Q.U2.EUR.RT.MM.EURIBOR3MD_.HSTA,Q,U2,EUR,RT,MM,EURIBOR3MD_,HSTA,1997-Q3,4.323333,A,F,,,,,A,,,,,,,,,,,,,,,,,4,,,"Euribor 3-month - Historical close, average of observations through period","Euro area (changing composition) - Money Market - Euribor 3-month - Historical close, average of observations through period - Euro, provided by Reuters",PCPA,0
FM.Q.U2.EUR.RT.MM.EURIBOR3MD_.HSTA,Q,U2,EUR,RT,MM,EURIBOR3MD_,HSTA,1997-Q4,4.433333,A,F,,,,,A,,,,,,,,,,,,,,,,,4,,,"Euribor 3-month - Historical close, average of observations through period","Euro area (changing composition) - Money Market - Euribor 3-month - Historical close, average of observations through period - Euro, provided by Reuters",PCPA,0
FM.Q.U2.EUR.RT.MM.EURIBOR3MD_.HSTA,Q,U2,EUR,RT,MM,EURIBOR3MD_,HSTA,1998-Q1,4.203333,A,F,,,,,A,,,,,,,,,,,,,,,,,4,,,"Euribor 3-month - Historical close, average of observations through period","Euro area (changing composition) - Money Market - Euribor 3-month - Historical close, average of observations through period - Euro, provided by Reuters",PCPA,0
FM.Q.U2.EUR.RT.MM.EURIBOR3MD_.HSTA,Q,U2,EUR,RT,MM,EURIBOR3MD_,HSTA,1998-Q2,4.056667,A,F,,,,,A,,,,,,,,,,,,,,,,,4,,,"Euribor 3-month - Historical close, average of observations through period","Euro area (changing composition) - Money Market - Euribor 3-month - Historical close, average of observations through period - Euro, provided by Reuters",PCPA,0
FM.Q.U2.EUR.RT.MM.EURIBOR3MD_.HSTA,Q,U2,EUR,RT,MM,EURIBOR3MD_,HSTA,1998-Q3,3.936667,A,F,,,,,A,,,,,,,,,,,,,,,,,4,,,"Euribor 3-month - Historical close, average of observations through period","Euro area (changing composition) - Money Market - Euribor 3-month - Historical close, average of observations through period - Euro, provided by Reuters",PCPA,0
FM.Q.U2.EUR.RT.MM.EURIBOR3MD_.HSTA,Q,U2,EUR,RT,MM,EURIBOR3MD_,HSTA,1998-Q4,3.623333,A,F,,,,,A,,,,,,,,,,,,,,,,,4,,,"Euribor 3-month - Historical close, average of observations through period","Euro area (changing composition) - Money Market - Euribor 3-month - Historical close, average of observations through period - Euro, provided by Reuters",PCPA,0
FM.Q.U2.EUR.RT.MM.EURIBOR3MD_.HSTA,Q,U2,EUR,RT,MM,EURIBOR3MD_,HSTA,1999-Q1,3.08863492063492,A,F,,,,,A,,,,,,,,,,,,,,,,,4,,,"Euribor 3-month - Historical close, average of observations through period","Euro area (changing composition) - Money Market - Euribor 3-month - Historical close, average of observations through period - Euro, provided by Reuters",PCPA,0
FM.Q.U2.EUR.RT.MM.EURIBOR3MD_.HSTA,Q,U2,EUR,RT,MM,EURIBOR3MD_,HSTA,1999-Q2,2.6348769230769222,A,F,,,,,A,,,,,,,,,,,,,,,,,4,,,"Euribor 3-month - Historical close, average of observations through period","Euro area (changing composition) - Money Market - Euribor 3-month - Historical close, average of observations through period - Euro, provided by Reuters",PCPA,0
FM.Q.U2.EUR.RT.MM.EURIBOR3MD_.HSTA,Q,U2,EUR,RT,MM,EURIBOR3MD_,HSTA,1999-Q3,2.69939393939394,A,F,,,,,A,,,,,,,,,,,,,,,,,4,,,"Euribor 3-month - Historical close, average of observations through period","Euro area (changing composition) - Money Market - Euribor 3-month - Historical close, average of observations through period - Euro, provided by Reuters",PCPA,0
FM.Q.U2.EUR.RT.MM.EURIBOR3MD_.HSTA,Q,U2,EUR,RT,MM,EURIBOR3MD_,HSTA,1999-Q4,3.43063076923077,A,F,,,,,A,,,,,,,,,,,,,,,,,4,,,"Euribor 3-month - Historical close, average of observations through period","Euro area (changing composition) - Money Market - Euribor 3-month - Historical close, average of observations through period - Euro, provided by Reuters",PCPA,0
FM.Q.U2.EUR.RT.MM.EURIBOR3MD_.HSTA,Q,U2,EUR,RT,MM,EURIBOR3MD_,HSTA,2000-Q1,3.5486153846153843,A,F,,,,,A,,,,,,,,,,,,,,,,,4,,,"Euribor 3-month - Historical close, average of observations through period","Euro area (changing composition) - Money Market - Euribor 3-month - Historical close, average of observations through period - Euro, provided by Reuters",PCPA,0
FM.Q.U2.EUR.RT.MM.EURIBOR3MD_.HSTA,Q,U2,EUR,RT,MM,EURIBOR3MD_,HSTA,2000-Q2,4.284806451612903,A,F,,,,,A,,,,,,,,,,,,,,,,,4,,,"Euribor 3-month - Historical close, average of observations through period","Euro area (changing composition) - Money Market - Euribor 3-month - Historical close, average of observations through period - Euro, provided by Reuters",PCPA,0
FM.Q.U2.EUR.RT.MM.EURIBOR3MD_.HSTA,Q,U2,EUR,RT,MM,EURIBOR3MD_,HSTA,2000-Q3,4.738815384615384,A,F,,,,,A,,,,,,,,,,,,,,,,,4,,,"Euribor 3-month - Historical close, average of observations through period","Euro area (changing composition) - Money Market - Euribor 3-month - Historical close, average of observations through period - Euro, provided by Reuters",PCPA,0
FM.Q.U2.EUR.RT.MM.EURIBOR3MD_.HSTA,Q,U2,EUR,RT,MM,EURIBOR3MD_,HSTA,2000-Q4,5.028174603174602,A,F,,,,,A,,,,,,,,,,,,,,,,,4,,,"Euribor 3-month - Historical close, average of observations through period","Euro area (changing composition) - Money Market - Euribor 3-month - Historical close, average of observations through period - Euro, provided by Reuters",PCPA,0
FM.Q.U2.EUR.RT.MM.EURIBOR3MD_.HSTA,Q,U2,EUR,RT,MM,EURIBOR3MD_,HSTA,2001-Q1,4.744718749999998,A,F,,,,,A,,,,,,,,,,,,,,,,,4,,,"Euribor 3-month - Historical close, average of observations through period","Euro area (changing composition) - Money Market - Euribor 3-month - Historical close, average of observations through period - Euro, provided by Reuters",PCPA,0
FM.Q.U2.EUR.RT.MM.EURIBOR3MD_.HSTA,Q,U2,EUR,RT,MM,EURIBOR3MD_,HSTA,2001-Q2,4.588548387096774,A,F,,,,,A,,,,,,,,,,,,,,,,,4,,,"Euribor 3-month - Historical close, average of observations through period","Euro area (changing composition) - Money Market - Euribor 3-month - Historical close, average of observations through period - Euro, provided by Reuters",PCPA,0
FM.Q.U2.EUR.RT.MM.EURIBOR3MD_.HSTA,Q,U2,EUR,RT,MM,EURIBOR3MD_,HSTA,2001-Q3,4.277923076923077,A,F,,,,,A,,,,,,,,,,,,,,,,,4,,,"Euribor 3-month - Historical close, average of observations through period","Euro area (changing composition) - Money Market - Euribor 3-month - Historical close, average of observations through period - Euro, provided by Reuters",PCPA,0
FM.Q.U2.EUR.RT.MM.EURIBOR3MD_.HSTA,Q,U2,EUR,RT,MM,EURIBOR3MD_,HSTA,2001-Q4,3.4522222222222227,A,F,,,,,A,,,,,,,,,,,,,,,,,4,,,"Euribor 3-month - Historical close, average of observations through period","Euro area (changing composition) - Money Market - Euribor 3-month - Historical close, average of observations through period - Euro, provided by Reuters",PCPA,0
FM.Q.U2.EUR.RT.MM.EURIBOR3MD_.HSTA,Q,U2,EUR,RT,MM,EURIBOR3MD_,HSTA,2002-Q1,3.361467741935484,A,F,,,,,A,,,,,,,,,,,,,,,,,4,,,"Euribor 3-month - Historical close, average of observations through period","Euro area (changing composition) - Money Market - Euribor 3-month - Historical close, average of observations through period - Euro, provided by Reuters",PCPA,0
FM.Q.U2.EUR.RT.MM.EURIBOR3MD_.HSTA,Q,U2,EUR,RT,MM,EURIBOR3MD_,HSTA,2002-Q2,3.446063492063494,A,F,,,,,A,,,,,,,,,,,,,,,,,4,,,"Euribor 3-month - Historical close, average of observations through period","Euro area (changing composition) - Money Market - Euribor 3-month - Historical close, average of observations through period - Euro, provided by Reuters",PCPA,0
FM.Q.U2.EUR.RT.MM.EURIBOR3MD_.HSTA,Q,U2,EUR,RT,MM,EURIBOR3MD_,HSTA,2002-Q3,3.358863636363636,A,F,,,,,A,,,,,,,,,,,,,,,,,4,,,"Euribor 3-month - Historical close, average of observations through period","Euro area (changing composition) - Money Market - Euribor 3-month - Historical close, average of observations through period - Euro, provided by Reuters",PCPA,0
FM.Q.U2.EUR.RT.MM.EURIBOR3MD_.HSTA,Q,U2,EUR,RT,MM,EURIBOR3MD_,HSTA,2002-Q4,3.116203125000001,A,F,,,,,A,,,,,,,,,,,,,,,,,4,,,"Euribor 3-month - Historical close, average of observations through period","Euro area (changing composition) - Money Market - Euribor 3-month - Historical close, average of observations through period - Euro, provided by Reuters",PCPA,0
FM.Q.U2.EUR.RT.MM.EURIBOR3MD_.HSTA,Q,U2,EUR,RT,MM,EURIBOR3MD_,HSTA,2003-Q1,2.68536507936508,A,F,,,,,A,,,,,,,,,,,,,,,,,4,,,"Euribor 3-month - Historical close, average of observations through period","Euro area (changing composition) - Money Market - Euribor 3-month - Historical close, average of observations through period - Euro, provided by Reuters",PCPA,0
FM.Q.U2.EUR.RT.MM.EURIBOR3MD_.HSTA,Q,U2,EUR,RT,MM,EURIBOR3MD_,HSTA,2003-Q2,2.3591451612903223,A,F,,,,,A,,,,,,,,,,,,,,,,,4,,,"Euribor 3-month - Historical close, average of observations through period","Euro area (changing composition) - Money Market - Euribor 3-month - Historical close, average of observations through period - Euro, provided by Reuters",PCPA,0
FM.Q.U2.EUR.RT.MM.EURIBOR3MD_.HSTA,Q,U2,EUR,RT,MM,EURIBOR3MD_,HSTA,2003-Q3,2.139106060606061,A,F,,,,,A,,,,,,,,,,,,,,,,,4,,,"Euribor 3-month - Historical close, average of observations through period","Euro area (changing composition) - Money Market - Euribor 3-month - Historical close, average of observations through period - Euro, provided by Reuters",PCPA,0
FM.Q.U2.EUR.RT.MM.EURIBOR3MD_.HSTA,Q,U2,EUR,RT,MM,EURIBOR3MD_,HSTA,2003-Q4,2.1493125000000006,A,F,,,,,A,,,,,,,,,,,,,,,,,4,,,"Euribor 3-month - Historical close, average of observations through period","Euro area (changing composition) - Money Market - Euribor 3-month - Historical close, average of observations through period - Euro, provided by Reuters",PCPA,0
FM.Q.U2.EUR.RT.MM.EURIBOR3MD_.HSTA,Q,U2,EUR,RT,MM,EURIBOR3MD_,HSTA,2004-Q1,2.0617656250000005,A,F,,,,,A,,,,,,,,,,,,,,,,,4,,,"Euribor 3-month - Historical close, average of observations through period","Euro area (changing composition) - Money Market - Euribor 3-month - Historical close, average of observations through period - Euro, provided by Reuters",PCPA,0
FM.Q.U2.EUR.RT.MM.EURIBOR3MD_.HSTA,Q,U2,EUR,RT,MM,EURIBOR3MD_,HSTA,2004-Q2,2.0834444444444444,A,F,,,,,A,,,,,,,,,,,,,,,,,4,,,"Euribor 3-month - Historical close, average of observations through period","Euro area (changing composition) - Money Market - Euribor 3-month - Historical close, average of observations through period - Euro, provided by Reuters",PCPA,0
FM.Q.U2.EUR.RT.MM.EURIBOR3MD_.HSTA,Q,U2,EUR,RT,MM,EURIBOR3MD_,HSTA,2004-Q3,2.116303030303031,A,F,,,,,A,,,,,,,,,,,,,,,,,4,,,"Euribor 3-month - Historical close, average of observations through period","Euro area (changing composition) - Money Market - Euribor 3-month - Historical close, average of observations through period - Euro, provided by Reuters",PCPA,0
FM.Q.U2.EUR.RT.MM.EURIBOR3MD_.HSTA,Q,U2,EUR,RT,MM,EURIBOR3MD_,HSTA,2004-Q4,2.164000000000001,A,F,,,,,A,,,,,,,,,,,,,,,,,4,,,"Euribor 3-month - Historical close, average of observations through period","Euro area (changing composition) - Money Market - Euribor 3-month - Historical close, average of observations through period - Euro, provided by Reuters",PCPA,0
FM.Q.U2.EUR.RT.MM.EURIBOR3MD_.HSTA,Q,U2,EUR,RT,MM,EURIBOR3MD_,HSTA,2005-Q1,2.140354838709678,A,F,,,,,A,,,,,,,,,,,,,,,,,4,,,"Euribor 3-month - Historical close, average of observations through period","Euro area (changing composition) - Money Market - Euribor 3-month - Historical close, average of observations through period - Euro, provided by Reuters",PCPA,0
FM.Q.U2.EUR.RT.MM.EURIBOR3MD_.HSTA,Q,U2,EUR,RT,MM,EURIBOR3MD_,HSTA,2005-Q2,2.1244461538461548,A,F,,,,,A,,,,,,,,,,,,,,,,,4,,,"Euribor 3-month - Historical close, average of observations through period","Euro area (changing composition) - Money Market - Euribor 3-month - Historical close, average of observations through period - Euro, provided by Reuters",PCPA,0
FM.Q.U2.EUR.RT.MM.EURIBOR3MD_.HSTA,Q,U2,EUR,RT,MM,EURIBOR3MD_,HSTA,2005-Q3,2.130545454545454,A,F,,,,,A,,,,,,,,,,,,,,,,,4,,,"Euribor 3-month - Historical close, average of observations through period","Euro area (changing composition) - Money Market - Euribor 3-month - Historical close, average of observations through period - Euro, provided by Reuters",PCPA,0
FM.Q.U2.EUR.RT.MM.EURIBOR3MD_.HSTA,Q,U2,EUR,RT,MM,EURIBOR3MD_,HSTA,2005-Q4,2.3437187499999994,A,F,,,,,A,,,,,,,,,,,,,,,,,4,,,"Euribor 3-month - Historical close, average of observations through period","Euro area (changing composition) - Money Market - Euribor 3-month - Historical close, average of observations through period - Euro, provided by Reuters",PCPA,0
FM.Q.U2.EUR.RT.MM.EURIBOR3MD_.HSTA,Q,U2,EUR,RT,MM,EURIBOR3MD_,HSTA,2006-Q1,2.613600000000001,A,F,,,,,A,,,,,,,,,,,,,,,,,4,,,"Euribor 3-month - Historical close, average of observations through period","Euro area (changing composition) - Money Market - Euribor 3-month - Historical close, average of observations through period - Euro, provided by Reuters",PCPA,0
FM.Q.U2.EUR.RT.MM.EURIBOR3MD_.HSTA,Q,U2,EUR,RT,MM,EURIBOR3MD_,HSTA,2006-Q2,2.895661290322581,A,F,,,,,A,,,,,,,,,,,,,,,,,4,,,"Euribor 3-month - Historical close, average of observations through period","Euro area (changing composition) - Money Market - Euribor 3-month - Historical close, average of observations through period - Euro, provided by Reuters",PCPA,0
FM.Q.U2.EUR.RT.MM.EURIBOR3MD_.HSTA,Q,U2,EUR,RT,MM,EURIBOR3MD_,HSTA,2006-Q3,3.221507692307692,A,F,,,,,A,,,,,,,,,,,,,,,,,4,,,"Euribor 3-month - Historical close, average of observations through period","Euro area (changing composition) - Money Market - Euribor 3-month - Historical close, average of observations through period - Euro, provided by Reuters",PCPA,0
FM.Q.U2.EUR.RT.MM.EURIBOR3MD_.HSTA,Q,U2,EUR,RT,MM,EURIBOR3MD_,HSTA,2006-Q4,3.5901904761904775,A,F,,,,,A,,,,,,,,,,,,,,,,,4,,,"Euribor 3-month - Historical close, average of observations through period","Euro area (changing composition) - Money Market - Euribor 3-month - Historical close, average of observations through period - Euro, provided by Reuters",PCPA,0
FM.Q.U2.EUR.RT.MM.EURIBOR3MD_.HSTA,Q,U2,EUR,RT,MM,EURIBOR3MD_,HSTA,2007-Q1,3.820390625000001,A,F,,,,,A,,,,,,,,,,,,,,,,,4,,,"Euribor 3-month - Historical close, average of observations through period","Euro area (changing composition) - Money Market - Euribor 3-month - Historical close, average of observations through period - Euro, provided by Reuters",PCPA,0
FM.Q.U2.EUR.RT.MM.EURIBOR3MD_.HSTA,Q,U2,EUR,RT,MM,EURIBOR3MD_,HSTA,2007-Q2,4.067790322580645,A,F,,,,,A,,,,,,,,,,,,,,,,,4,,,"Euribor 3-month - Historical close, average of observations through period","Euro area (changing composition) - Money Market - Euribor 3-month - Historical close, average of observations through period - Euro, provided by Reuters",PCPA,0
FM.Q.U2.EUR.RT.MM.EURIBOR3MD_.HSTA,Q,U2,EUR,RT,MM,EURIBOR3MD_,HSTA,2007-Q3,4.493738461538463,A,F,,,,,A,,,,,,,,,,,,,,,,,4,,,"Euribor 3-month - Historical close, average of observations through period","Euro area (changing composition) - Money Market - Euribor 3-month - Historical close, average of observations through period - Euro, provided by Reuters",PCPA,0
FM.Q.U2.EUR.RT.MM.EURIBOR3MD_.HSTA,Q,U2,EUR,RT,MM,EURIBOR3MD_,HSTA,2007-Q4,4.718390625,A,F,,,,,A,,,,,,,,,,,,,,,,,4,,,"Euribor 3-month - Historical close, average of observations through period","Euro area (changing composition) - Money Market - Euribor 3-month - Historical close, average of observations through period - Euro, provided by Reuters",PCPA,0
FM.Q.U2.EUR.RT.MM.EURIBOR3MD_.HSTA,Q,U2,EUR,RT,MM,EURIBOR3MD_,HSTA,2008-Q1,4.476274193548386,A,F,,,,,A,,,,,,,,,,,,,,,,,4,,,"Euribor 3-month - Historical close, average of observations through period","Euro area (changing composition) - Money Market - Euribor 3-month - Historical close, average of observations through period - Euro, provided by Reuters",PCPA,0
FM.Q.U2.EUR.RT.MM.EURIBOR3MD_.HSTA,Q,U2,EUR,RT,MM,EURIBOR3MD_,HSTA,2008-Q2,4.859265625000002,A,F,,,,,A,,,,,,,,,,,,,,,,,4,,,"Euribor 3-month - Historical close, average of observations through period","Euro area (changing composition) - Money Market - Euribor 3-month - Historical close, average of observations through period - Euro, provided by Reuters",PCPA,0
FM.Q.U2.EUR.RT.MM.EURIBOR3MD_.HSTA,Q,U2,EUR,RT,MM,EURIBOR3MD_,HSTA,2008-Q3,4.981727272727273,A,F,,,,,A,,,,,,,,,,,,,,,,,4,,,"Euribor 3-month - Historical close, average of observations through period","Euro area (changing composition) - Money Market - Euribor 3-month - Historical close, average of observations through period - Euro, provided by Reuters",PCPA,0
FM.Q.U2.EUR.RT.MM.EURIBOR3MD_.HSTA,Q,U2,EUR,RT,MM,EURIBOR3MD_,HSTA,2008-Q4,4.242375000000001,A,F,,,,,A,,,,,,,,,,,,,,,,,4,,,"Euribor 3-month - Historical close, average of observations through period","Euro area (changing composition) - Money Market - Euribor 3-month - Historical close, average of observations through period - Euro, provided by Reuters",PCPA,0
FM.Q.U2.EUR.RT.MM.EURIBOR3MD_.HSTA,Q,U2,EUR,RT,MM,EURIBOR3MD_,HSTA,2009-Q1,2.0067936507936515,A,F,,,,,A,,,,,,,,,,,,,,,,,4,,,"Euribor 3-month - Historical close, average of observations through period","Euro area (changing composition) - Money Market - Euribor 3-month - Historical close, average of observations through period - Euro, provided by Reuters",PCPA,0
FM.Q.U2.EUR.RT.MM.EURIBOR3MD_.HSTA,Q,U2,EUR,RT,MM,EURIBOR3MD_,HSTA,2009-Q2,1.307967741935484,A,F,,,,,A,,,,,,,,,,,,,,,,,4,,,"Euribor 3-month - Historical close, average of observations through period","Euro area (changing composition) - Money Market - Euribor 3-month - Historical close, average of observations through period - Euro, provided by Reuters",PCPA,0
FM.Q.U2.EUR.RT.MM.EURIBOR3MD_.HSTA,Q,U2,EUR,RT,MM,EURIBOR3MD_,HSTA,2009-Q3,0.870909090909091,A,F,,,,,A,,,,,,,,,,,,,,,,,4,,,"Euribor 3-month - Historical close, average of observations through period","Euro area (changing composition) - Money Market - Euribor 3-month - Historical close, average of observations through period - Euro, provided by Reuters",PCPA,0
FM.Q.U2.EUR.RT.MM.EURIBOR3MD_.HSTA,Q,U2,EUR,RT,MM,EURIBOR3MD_,HSTA,2009-Q4,0.7220000000000003,A,F,,,,,A,,,,,,,,,,,,,,,,,4,,,"Euribor 3-month - Historical close, average of observations through period","Euro area (changing composition) - Money Market - Euribor 3-month - Historical close, average of observations through period - Euro, provided by Reuters",PCPA,0
FM.Q.U2.EUR.RT.MM.EURIBOR3MD_.HSTA,Q,U2,EUR,RT,MM,EURIBOR3MD_,HSTA,2010-Q1,0.6613174603174605,A,F,,,,,A,,,,,,,,,,,,,,,,,4,,,"Euribor 3-month - Historical close, average of observations through period","Euro area (changing composition) - Money Market - Euribor 3-month - Historical close, average of observations through period - Euro, provided by Reuters",PCPA,0
FM.Q.U2.EUR.RT.MM.EURIBOR3MD_.HSTA,Q,U2,EUR,RT,MM,EURIBOR3MD_,HSTA,2010-Q2,0.6875873015873013,A,F,,,,,A,,,,,,,,,,,,,,,,,4,,,"Euribor 3-month - Historical close, average of observations through period","Euro area (changing composition) - Money Market - Euribor 3-month - Historical close, average of observations through period - Euro, provided by Reuters",PCPA,0
FM.Q.U2.EUR.RT.MM.EURIBOR3MD_.HSTA,Q,U2,EUR,RT,MM,EURIBOR3MD_,HSTA,2010-Q3,0.874939393939394,A,F,,,,,A,,,,,,,,,,,,,,,,,4,,,"Euribor 3-month - Historical close, average of observations through period","Euro area (changing composition) - Money Market - Euribor 3-month - Historical close, average of observations through period - Euro, provided by Reuters",PCPA,0
FM.Q.U2.EUR.RT.MM.EURIBOR3MD_.HSTA,Q,U2,EUR,RT,MM,EURIBOR3MD_,HSTA,2010-Q4,1.0208333333333335,A,F,,,,,A,,,,,,,,,,,,,,,,,4,,,"Euribor 3-month - Historical close, average of observations through period","Euro area (changing composition) - Money Market - Euribor 3-month - Historical close, average of observations through period - Euro, provided by Reuters",PCPA,0
FM.Q.U2.EUR.RT.MM.EURIBOR3MD_.HSTA,Q,U2,EUR,RT,MM,EURIBOR3MD_,HSTA,2011-Q1,1.0958437499999998,A,F,,,,,A,,,,,,,,,,,,,,,,,4,,,"Euribor 3-month - Historical close, average of observations through period","Euro area (changing composition) - Money Market - Euribor 3-month - Historical close, average of observations through period - Euro, provided by Reuters",PCPA,0
FM.Q.U2.EUR.RT.MM.EURIBOR3MD_.HSTA,Q,U2,EUR,RT,MM,EURIBOR3MD_,HSTA,2011-Q2,1.415936507936508,A,F,,,,,A,,,,,,,,,,,,,,,,,4,,,"Euribor 3-month - Historical close, average of observations through period","Euro area (changing composition) - Money Market - Euribor 3-month - Historical close, average of observations through period - Euro, provided by Reuters",PCPA,0
FM.Q.U2.EUR.RT.MM.EURIBOR3MD_.HSTA,Q,U2,EUR,RT,MM,EURIBOR3MD_,HSTA,2011-Q3,1.561363636363637,A,F,,,,,A,,,,,,,,,,,,,,,,,4,,,"Euribor 3-month - Historical close, average of observations through period","Euro area (changing composition) - Money Market - Euribor 3-month - Historical close, average of observations through period - Euro, provided by Reuters",PCPA,0
FM.Q.U2.EUR.RT.MM.EURIBOR3MD_.HSTA,Q,U2,EUR,RT,MM,EURIBOR3MD_,HSTA,2011-Q4,1.4953749999999997,A,F,,,,,A,,,,,,,,,,,,,,,,,4,,,"Euribor 3-month - Historical close, average of observations through period","Euro area (changing composition) - Money Market - Euribor 3-month - Historical close, average of observations through period - Euro, provided by Reuters",PCPA,0
FM.Q.U2.EUR.RT.MM.EURIBOR3MD_.HSTA,Q,U2,EUR,RT,MM,EURIBOR3MD_,HSTA,2012-Q1,1.0429076923076925,A,F,,,,,A,,,,,,,,,,,,,,,,,4,,,"Euribor 3-month - Historical close, average of observations through period","Euro area (changing composition) - Money Market - Euribor 3-month - Historical close, average of observations through period - Euro, provided by Reuters",PCPA,0
FM.Q.U2.EUR.RT.MM.EURIBOR3MD_.HSTA,Q,U2,EUR,RT,MM,EURIBOR3MD_,HSTA,2012-Q2,0.6942903225806452,A,F,,,,,A,,,,,,,,,,,,,,,,,4,,,"Euribor 3-month - Historical close, average of observations through period","Euro area (changing composition) - Money Market - Euribor 3-month - Historical close, average of observations through period - Euro, provided by Reuters",PCPA,0
FM.Q.U2.EUR.RT.MM.EURIBOR3MD_.HSTA,Q,U2,EUR,RT,MM,EURIBOR3MD_,HSTA,2012-Q3,0.3616307692307692,A,F,,,,,A,,,,,,,,,,,,,,,,,4,,,"Euribor 3-month - Historical close, average of observations through period","Euro area (changing composition) - Money Market - Euribor 3-month - Historical close, average of observations through period - Euro, provided by Reuters",PCPA,0
FM.Q.U2.EUR.RT.MM.EURIBOR3MD_.HSTA,Q,U2,EUR,RT,MM,EURIBOR3MD_,HSTA,2012-Q4,0.19578124999999993,A,F,,,,,A,,,,,,,,,,,,,,,,,4,,,"Euribor 3-month - Historical close, average of observations through period","Euro area (changing composition) - Money Market - Euribor 3-month - Historical close, average of observations through period - Euro, provided by Reuters",PCPA,0
FM.Q.U2.EUR.RT.MM.EURIBOR3MD_.HSTA,Q,U2,EUR,RT,MM,EURIBOR3MD_,HSTA,2013-Q1,0.21122580645161293,A,F,,,,,A,,,,,,,,,,,,,,,,,4,,,"Euribor 3-month - Historical close, average of observations through period","Euro area (changing composition) - Money Market - Euribor 3-month - Historical close, average of observations through period - Euro, provided by Reuters",PCPA,0
FM.Q.U2.EUR.RT.MM.EURIBOR3MD_.HSTA,Q,U2,EUR,RT,MM,EURIBOR3MD_,HSTA,2013-Q2,0.20665079365079358,A,F,,,,,A,,,,,,,,,,,,,,,,,4,,,"Euribor 3-month - Historical close, average of observations through period","Euro area (changing composition) - Money Market - Euribor 3-month - Historical close, average of observations through period - Euro, provided by Reuters",PCPA,0
FM.Q.U2.EUR.RT.MM.EURIBOR3MD_.HSTA,Q,U2,EUR,RT,MM,EURIBOR3MD_,HSTA,2013-Q3,0.22348484848484845,A,F,,,,,A,,,,,,,,,,,,,,,,,4,,,"Euribor 3-month - Historical close, average of observations through period","Euro area (changing composition) - Money Market - Euribor 3-month - Historical close, average of observations through period - Euro, provided by Reuters",PCPA,0
FM.Q.U2.EUR.RT.MM.EURIBOR3MD_.HSTA,Q,U2,EUR,RT,MM,EURIBOR3MD_,HSTA,2013-Q4,0.23992187500000003,A,F,,,,,A,,,,,,,,,,,,,,,,,4,,,"Euribor 3-month - Historical close, average of observations through period","Euro area (changing composition) - Money Market - Euribor 3-month - Historical close, average of observations through period - Euro, provided by Reuters",PCPA,0
FM.Q.U2.EUR.RT.MM.EURIBOR3MD_.HSTA,Q,U2,EUR,RT,MM,EURIBOR3MD_,HSTA,2014-Q1,0.2952222222222223,A,F,,,,,A,,,,,,,,,,,,,,,,,4,,,"Euribor 3-month - Historical close, average of observations through period","Euro area (changing composition) - Money Market - Euribor 3-month - Historical close, average of observations through period - Euro, provided by Reuters",PCPA,0
FM.Q.U2.EUR.RT.MM.EURIBOR3MD_.HSTA,Q,U2,EUR,RT,MM,EURIBOR3MD_,HSTA,2014-Q2,0.2980806451612903,A,F,,,,,A,,,,,,,,,,,,,,,,,4,,,"Euribor 3-month - Historical close, average of observations through period","Euro area (changing composition) - Money Market - Euribor 3-month - Historical close, average of observations through period - Euro, provided by Reuters",PCPA,0
FM.Q.U2.EUR.RT.MM.EURIBOR3MD_.HSTA,Q,U2,EUR,RT,MM,EURIBOR3MD_,HSTA,2014-Q3,0.1647727272727273,A,F,,,,,A,,,,,,,,,,,,,,,,,4,,,"Euribor 3-month - Historical close, average of observations through period","Euro area (changing composition) - Money Market - Euribor 3-month - Historical close, average of observations through period - Euro, provided by Reuters",PCPA,0
FM.Q.U2.EUR.RT.MM.EURIBOR3MD_.HSTA,Q,U2,EUR,RT,MM,EURIBOR3MD_,HSTA,2014-Q4,0.08151562500000001,A,F,,,,,A,,,,,,,,,,,,,,,,,4,,,"Euribor 3-month - Historical close, average of observations through period","Euro area (changing composition) - Money Market - Euribor 3-month - Historical close, average of observations through period - Euro, provided by Reuters",PCPA,0
FM.Q.U2.EUR.RT.MM.EURIBOR3MD_.HSTA,Q,U2,EUR,RT,MM,EURIBOR3MD_,HSTA,2015-Q1,0.045682539682539665,A,F,,,,,A,,,,,,,,,,,,,,,,,4,,,"Euribor 3-month - Historical close, average of observations through period","Euro area (changing composition) - Money Market - Euribor 3-month - Historical close, average of observations through period - Euro, provided by Reuters",PCPA,0
FM.Q.U2.EUR.RT.MM.EURIBOR3MD_.HSTA,Q,U2,EUR,RT,MM,EURIBOR3MD_,HSTA,2015-Q2,-0.00670491803278689,A,F,,,,,A,,,,,,,,,,,,,,,,,4,,,"Euribor 3-month - Historical close, average of observations through period","Euro area (changing composition) - Money Market - Euribor 3-month - Historical close, average of observations through period - Euro, provided by Reuters",PCPA,0
FM.Q.U2.EUR.RT.MM.EURIBOR3MD_.HSTA,Q,U2,EUR,RT,MM,EURIBOR3MD_,HSTA,2015-Q3,-0.02768181818181818,A,F,,,,,A,,,,,,,,,,,,,,,,,4,,,"Euribor 3-month - Historical close, average of observations through period","Euro area (changing composition) - Money Market - Euribor 3-month - Historical close, average of observations through period - Euro, provided by Reuters",PCPA,0
FM.Q.U2.EUR.RT.MM.EURIBOR3MD_.HSTA,Q,U2,EUR,RT,MM,EURIBOR3MD_,HSTA,2015-Q4,-0.08920000000000002,A,F,,,,,A,,,,,,,,,,,,,,,,,4,,,"Euribor 3-month - Historical close, average of observations through period","Euro area (changing composition) - Money Market - Euribor 3-month - Historical close, average of observations through period - Euro, provided by Reuters",PCPA,0
FM.Q.U2.EUR.RT.MM.EURIBOR3MD_.HSTA,Q,U2,EUR,RT,MM,EURIBOR3MD_,HSTA,2016-Q1,-0.1867258064516129,A,F,,,,,A,,,,,,,,,,,,,,,,,4,,,"Euribor 3-month - Historical close, average of observations through period","Euro area (changing composition) - Money Market - Euribor 3-month - Historical close, average of observations through period - Euro, provided by Reuters",PCPA,0
FM.Q.U2.EUR.RT.MM.EURIBOR3MD_.HSTA,Q,U2,EUR,RT,MM,EURIBOR3MD_,HSTA,2016-Q2,-0.2582307692307691,A,F,,,,,A,,,,,,,,,,,,,,,,,4,,,"Euribor 3-month - Historical close, average of observations through period","Euro area (changing composition) - Money Market - Euribor 3-month - Historical close, average of observations through period - Euro, provided by Reuters",PCPA,0
FM.Q.U2.EUR.RT.MM.EURIBOR3MD_.HSTA,Q,U2,EUR,RT,MM,EURIBOR3MD_,HSTA,2016-Q3,-0.29818181818181794,A,F,,,,,A,,,,,,,,,,,,,,,,,4,,,"Euribor 3-month - Historical close, average of observations through period","Euro area (changing composition) - Money Market - Euribor 3-month - Historical close, average of observations through period - Euro, provided by Reuters",PCPA,0
FM.Q.U2.EUR.RT.MM.EURIBOR3MD_.HSTA,Q,U2,EUR,RT,MM,EURIBOR3MD_,HSTA,2016-Q4,-0.3124843749999999,A,F,,,,,A,,,,,,,,,,,,,,,,,4,,,"Euribor 3-month - Historical close, average of observations through period","Euro area (changing composition) - Money Market - Euribor 3-month - Historical close, average of observations through period - Euro, provided by Reuters",PCPA,0
FM.Q.U2.EUR.RT.MM.EURIBOR3MD_.HSTA,Q,U2,EUR,RT,MM,EURIBOR3MD_,HSTA,2017-Q1,-0.32783076923076915,A,F,,,,,A,,,,,,,,,,,,,,,,,4,,,"Euribor 3-month - Historical close, average of observations through period","Euro area (changing composition) - Money Market - Euribor 3-month - Historical close, average of observations through period - Euro, provided by Reuters",PCPA,0
FM.Q.U2.EUR.RT.MM.EURIBOR3MD_.HSTA,Q,U2,EUR,RT,MM,EURIBOR3MD_,HSTA,2017-Q2,-0.3299193548387097,A,F,,,,,A,,,,,,,,,,,,,,,,,4,,,"Euribor 3-month - Historical close, average of observations through period","Euro area (changing composition) - Money Market - Euribor 3-month - Historical close, average of observations through period - Euro, provided by Reuters",PCPA,0
FM.Q.U2.EUR.RT.MM.EURIBOR3MD_.HSTA,Q,U2,EUR,RT,MM,EURIBOR3MD_,HSTA,2017-Q3,-0.32961538461538475,A,F,,,,,A,,,,,,,,,,,,,,,,,4,,,"Euribor 3-month - Historical close, average of observations through period","Euro area (changing composition) - Money Market - Euribor 3-month - Historical close, average of observations through period - Euro, provided by Reuters",PCPA,0
